{"ARD": 1.002, "R_T": 0.974, "relative_error_ratios": 0.001, "_timestamp": 1657925090, "_runtime": 17, "_step": 2, "accuracy": 0.0, "parameters/RNN.h2h.weight": {"_type": "histogram", "values": [5.0, 4.0, 6.0, 19.0, 46.0, 124.0, 301.0, 593.0, 727.0, 815.0, 775.0, 817.0, 749.0, 823.0, 775.0, 767.0, 811.0, 805.0, 780.0, 717.0, 862.0, 839.0, 840.0, 795.0, 806.0, 804.0, 817.0, 786.0, 814.0, 771.0, 824.0, 801.0, 799.0, 797.0, 790.0, 788.0, 754.0, 802.0, 826.0, 771.0, 802.0, 746.0, 784.0, 771.0, 771.0, 765.0, 808.0, 819.0, 765.0, 775.0, 770.0, 793.0, 776.0, 781.0, 739.0, 676.0, 594.0, 334.0, 123.0, 43.0, 10.0, 4.0, 5.0, 1.0], "bins": [-0.640507161617279, -0.620799720287323, -0.6010922193527222, -0.5813847780227661, -0.5616773366928101, -0.5419698357582092, -0.5222623944282532, -0.5025548934936523, -0.4828474521636963, -0.46313998103141785, -0.4434325098991394, -0.42372506856918335, -0.4040175974369049, -0.38431012630462646, -0.3646026849746704, -0.34489521384239197, -0.3251877427101135, -0.3054802715778351, -0.28577280044555664, -0.2660653591156006, -0.24635788798332214, -0.2266504168510437, -0.20694296061992645, -0.1872355043888092, -0.16752803325653076, -0.14782056212425232, -0.12811310589313507, -0.10840564221143723, -0.08869817852973938, -0.06899071484804153, -0.04928325116634369, -0.02957579493522644, -0.009868383407592773, 0.009839080274105072, 0.029546543955802917, 0.04925400763750076, 0.06896147131919861, 0.08866893500089645, 0.1083763986825943, 0.12808385491371155, 0.14779132604599, 0.16749879717826843, 0.18720625340938568, 0.20691370964050293, 0.22662118077278137, 0.24632865190505981, 0.26603609323501587, 0.2857435643672943, 0.30545103549957275, 0.3251585066318512, 0.34486597776412964, 0.3645734190940857, 0.38428089022636414, 0.4039883613586426, 0.42369580268859863, 0.4434032738208771, 0.4631107449531555, 0.48281821608543396, 0.5025256872177124, 0.5222331285476685, 0.5419405698776245, 0.5616480708122253, 0.5813555121421814, 0.6010630130767822, 0.6207704544067383]}, "parameters/RNN.h2h.bias": {"_type": "histogram", "values": [2.0, 1.0, 1.0, 2.0, 3.0, 0.0, 1.0, 3.0, 2.0, 2.0, 2.0, 4.0, 4.0, 4.0, 7.0, 2.0, 5.0, 6.0, 4.0, 6.0, 9.0, 9.0, 5.0, 9.0, 7.0, 9.0, 3.0, 10.0, 3.0, 10.0, 4.0, 4.0, 6.0, 7.0, 7.0, 5.0, 4.0, 1.0, 3.0, 1.0, 1.0, 2.0, 2.0, 1.0, 2.0, 3.0, 4.0, 3.0, 0.0, 0.0, 1.0, 0.0, 1.0, 0.0, 0.0, 0.0, 0.0, 1.0, 0.0, 0.0, 0.0, 0.0, 0.0, 2.0], "bins": [-1.1696735620498657, -1.164435625076294, -1.1591976881027222, -1.1539597511291504, -1.1487218141555786, -1.1434838771820068, -1.138245940208435, -1.1330080032348633, -1.1277700662612915, -1.1225321292877197, -1.117294192314148, -1.1120562553405762, -1.1068183183670044, -1.1015803813934326, -1.0963424444198608, -1.091104507446289, -1.0858666896820068, -1.080628752708435, -1.0753908157348633, -1.0701528787612915, -1.0649149417877197, -1.059677004814148, -1.0544390678405762, -1.0492011308670044, -1.0439631938934326, -1.0387252569198608, -1.033487319946289, -1.0282493829727173, -1.0230114459991455, -1.0177735090255737, -1.012535572052002, -1.0072976350784302, -1.0020596981048584, -0.9968217611312866, -0.9915838241577148, -0.9863458871841431, -0.9811079502105713, -0.9758700132369995, -0.9706321358680725, -0.9653941988945007, -0.9601563215255737, -0.954918384552002, -0.9496804475784302, -0.9444425106048584, -0.9392045736312866, -0.9339666366577148, -0.9287287592887878, -0.9234908223152161, -0.9182528257369995, -0.9130148887634277, -0.907776951789856, -0.9025390148162842, -0.8973010778427124, -0.8920631408691406, -0.8868252635002136, -0.8815873265266418, -0.8763493895530701, -0.8711114525794983, -0.8658735156059265, -0.8606355786323547, -0.855397641658783, -0.8501597046852112, -0.8449218273162842, -0.8396838903427124, -0.8344459533691406]}, "parameters/RNN.i2h.weight": {"_type": "histogram", "values": [6.0, 9.0, 16.0, 23.0, 42.0, 97.0, 100.0, 108.0, 111.0, 113.0, 87.0, 92.0, 109.0, 78.0, 107.0, 110.0, 106.0, 113.0, 101.0, 110.0, 108.0, 100.0, 97.0, 105.0, 113.0, 103.0, 102.0, 107.0, 103.0, 93.0, 124.0, 104.0, 87.0, 112.0, 110.0, 112.0, 105.0, 98.0, 94.0, 99.0, 87.0, 96.0, 98.0, 104.0, 102.0, 106.0, 109.0, 90.0, 80.0, 94.0, 118.0, 98.0, 91.0, 84.0, 84.0, 76.0, 56.0, 33.0, 29.0, 23.0, 15.0, 5.0, 5.0, 3.0], "bins": [-1.1818722486495972, -1.143348217010498, -1.1048243045806885, -1.0663002729415894, -1.0277762413024902, -0.9892523288726807, -0.9507282972335815, -0.9122043251991272, -0.8736803531646729, -0.8351563811302185, -0.7966324090957642, -0.758108377456665, -0.7195844054222107, -0.6810604333877563, -0.6425364017486572, -0.6040124297142029, -0.5654884576797485, -0.5269644856452942, -0.48844048380851746, -0.4499164819717407, -0.4113925099372864, -0.37286853790283203, -0.3343445360660553, -0.29582053422927856, -0.2572965621948242, -0.21877257525920868, -0.18024858832359314, -0.1417246013879776, -0.10320061445236206, -0.06467662751674652, -0.02615264058113098, 0.012371361255645752, 0.0508953332901001, 0.08941932022571564, 0.12794330716133118, 0.16646729409694672, 0.20499128103256226, 0.2435152679681778, 0.28203925490379333, 0.32056325674057007, 0.3590872287750244, 0.39761120080947876, 0.4361352026462555, 0.4746592044830322, 0.5131831765174866, 0.5517071485519409, 0.59023118019104, 0.6287551522254944, 0.6672791242599487, 0.7058030962944031, 0.7443270683288574, 0.7828510999679565, 0.8213750720024109, 0.8598990440368652, 0.8984230756759644, 0.9369470477104187, 0.975471019744873, 1.0139950513839722, 1.0525189638137817, 1.0910429954528809, 1.1295669078826904, 1.1680909395217896, 1.2066149711608887, 1.2451388835906982, 1.2836629152297974]}, "parameters/RNN.o2h.weight": {"_type": "histogram", "values": [29.0, 67.0, 90.0, 77.0, 85.0, 79.0, 76.0, 79.0, 77.0, 84.0, 90.0, 83.0, 77.0, 91.0, 80.0, 77.0, 100.0, 71.0, 101.0, 84.0, 95.0, 99.0, 83.0, 74.0, 101.0, 95.0, 75.0, 90.0, 79.0, 90.0, 106.0, 90.0, 106.0, 84.0, 108.0, 98.0, 99.0, 94.0, 89.0, 92.0, 66.0, 95.0, 93.0, 89.0, 84.0, 83.0, 86.0, 91.0, 101.0, 100.0, 85.0, 100.0, 98.0, 93.0, 103.0, 88.0, 82.0, 86.0, 89.0, 80.0, 73.0, 58.0, 29.0, 4.0], "bins": [-1.0173323154449463, -0.9851007461547852, -0.9528691172599792, -0.9206375479698181, -0.8884059190750122, -0.8561743497848511, -0.8239427804946899, -0.7917112112045288, -0.7594795823097229, -0.7272480130195618, -0.6950163841247559, -0.6627848148345947, -0.6305532455444336, -0.5983216166496277, -0.5660900473594666, -0.5338584184646606, -0.5016268491744995, -0.469395250082016, -0.43716365098953247, -0.40493208169937134, -0.3727004826068878, -0.3404688835144043, -0.30823731422424316, -0.27600571513175964, -0.24377411603927612, -0.2115425169467926, -0.17931093275547028, -0.14707934856414795, -0.11484774947166443, -0.08261615037918091, -0.05038456618785858, -0.018152981996536255, 0.014078497886657715, 0.04631008952856064, 0.07854168117046356, 0.11077327281236649, 0.1430048644542694, 0.17523646354675293, 0.20746804773807526, 0.23969963192939758, 0.2719312310218811, 0.3041628301143646, 0.33639442920684814, 0.3686259984970093, 0.4008575975894928, 0.4330891966819763, 0.46532076597213745, 0.49755236506462097, 0.5297839641571045, 0.5620155334472656, 0.5942471623420715, 0.6264787316322327, 0.6587103605270386, 0.6909419298171997, 0.7231734991073608, 0.755405068397522, 0.7876366972923279, 0.819868266582489, 0.8520998954772949, 0.884331464767456, 0.9165630340576172, 0.9487946629524231, 0.9810262322425842, 1.0132578611373901, 1.0454894304275513]}, "parameters/h2o.weight": {"_type": "histogram", "values": [2.0, 3.0, 4.0, 15.0, 33.0, 46.0, 79.0, 97.0, 127.0, 121.0, 126.0, 98.0, 98.0, 99.0, 108.0, 107.0, 116.0, 118.0, 98.0, 112.0, 126.0, 106.0, 127.0, 128.0, 87.0, 112.0, 117.0, 94.0, 103.0, 124.0, 101.0, 103.0, 94.0, 92.0, 103.0, 116.0, 115.0, 109.0, 115.0, 111.0, 92.0, 114.0, 109.0, 91.0, 94.0, 113.0, 103.0, 120.0, 97.0, 109.0, 93.0, 99.0, 95.0, 86.0, 77.0, 43.0, 35.0, 15.0, 11.0, 6.0, 5.0, 0.0, 1.0, 2.0],