{"loss": 51.82862091064453, "_timestamp": 1657650463, "_runtime": 4, "_step": 89, "parameters/RNN.h2h.weight": {"_type": "histogram", "values": [22.0, 475.0, 613.0, 681.0, 653.0, 652.0, 673.0, 643.0, 665.0, 668.0, 656.0, 663.0, 667.0, 605.0, 624.0, 619.0, 625.0, 648.0, 622.0, 680.0, 652.0, 602.0, 658.0, 609.0, 624.0, 644.0, 655.0, 587.0, 681.0, 605.0, 670.0, 674.0, 657.0, 715.0, 651.0, 658.0, 689.0, 623.0, 741.0, 690.0, 651.0, 633.0, 631.0, 620.0, 631.0, 625.0, 648.0, 646.0, 715.0, 645.0, 642.0, 669.0, 642.0, 654.0, 701.0, 660.0, 609.0, 683.0, 643.0, 677.0, 649.0, 669.0, 410.0, 8.0], "bins": [-0.5200332403182983, -0.5037542581558228, -0.48747527599334717, -0.4711962938308716, -0.454917311668396, -0.4386383295059204, -0.4223593771457672, -0.4060803949832916, -0.38980141282081604, -0.37352243065834045, -0.35724344849586487, -0.3409644663333893, -0.3246855139732361, -0.3084065318107605, -0.2921275496482849, -0.2758485674858093, -0.25956958532333374, -0.24329060316085815, -0.22701162099838257, -0.21073265373706818, -0.1944536715745926, -0.178174689412117, -0.1618957221508026, -0.14561673998832703, -0.12933775782585144, -0.11305877566337585, -0.09677980095148087, -0.08050082623958588, -0.06422184407711029, -0.047942861914634705, -0.031663887202739716, -0.015384912490844727, 0.0008940696716308594, 0.017173048108816147, 0.033452026546001434, 0.04973100498318672, 0.06600998342037201, 0.0822889655828476, 0.09856794029474258, 0.11484691500663757, 0.13112589716911316, 0.14740487933158875, 0.16368386149406433, 0.17996282875537872, 0.1962418109178543, 0.2125207930803299, 0.2287997603416443, 0.24507874250411987, 0.26135772466659546, 0.27763670682907104, 0.29391568899154663, 0.3101946711540222, 0.3264736533164978, 0.3427526354789734, 0.3590315878391266, 0.3753105700016022, 0.39158955216407776, 0.40786853432655334, 0.42414751648902893, 0.4404264986515045, 0.4567054510116577, 0.4729844331741333, 0.4892634153366089, 0.5055423974990845, 0.5218213796615601]}, "parameters/RNN.h2h.bias": {"_type": "histogram", "values": [1.0, 0.0, 0.0, 1.0, 0.0, 0.0, 0.0, 0.0, 0.0, 0.0, 0.0, 0.0, 1.0, 0.0, 2.0, 2.0, 2.0, 1.0, 1.0, 0.0, 7.0, 4.0, 3.0, 4.0, 3.0, 6.0, 7.0, 3.0, 8.0, 8.0, 11.0, 12.0, 13.0, 18.0, 11.0, 12.0, 10.0, 7.0, 9.0, 6.0, 5.0, 6.0, 2.0, 3.0, 3.0, 0.0, 1.0, 1.0, 1.0, 1.0, 2.0, 1.0, 0.0, 0.0, 0.0, 0.0, 0.0, 0.0, 0.0, 0.0, 0.0, 0.0, 0.0, 1.0], "bins": [-1.038233757019043, -1.0370851755142212, -1.0359364748001099, -1.034787893295288, -1.0336391925811768, -1.032490611076355, -1.0313419103622437, -1.0301933288574219, -1.0290446281433105, -1.0278960466384888, -1.0267473459243774, -1.0255987644195557, -1.0244500637054443, -1.0233014822006226, -1.0221527814865112, -1.0210041999816895, -1.0198556184768677, -1.018707036972046, -1.0175583362579346, -1.0164097547531128, -1.0152610540390015, -1.0141124725341797, -1.0129637718200684, -1.0118151903152466, -1.0106666088104248, -1.009518027305603, -1.0083693265914917, -1.00722074508667, -1.0060720443725586, -1.0049234628677368, -1.0037747621536255, -1.0026261806488037, -1.0014774799346924, -1.0003288984298706, -0.9991801977157593, -0.9980315566062927, -0.9968829154968262, -0.9957343339920044, -0.9945856928825378, -0.9934370517730713, -0.9922884106636047, -0.9911397695541382, -0.9899911284446716, -0.9888424873352051, -0.9876939058303833, -0.9865452647209167, -0.9853966236114502, -0.9842479825019836, -0.9830993413925171, -0.9819507002830505, -0.980802059173584, -0.9796534180641174, -0.9785047769546509, -0.9773561954498291, -0.9762075543403625, -0.975058913230896, -0.9739102721214294, -0.9727616310119629, -0.9716129899024963, -0.9704643487930298, -0.969315767288208, -0.9681671261787415, -0.9670184850692749, -0.9658698439598083, -0.9647212028503418]}, "parameters/RNN.i2h.weight": {"_type": "histogram", "values": [41.0, 41.0, 33.0, 32.0, 42.0, 34.0, 38.0, 37.0, 35.0, 39.0, 33.0, 34.0, 30.0, 25.0, 30.0, 33.0, 43.0, 32.0, 33.0, 28.0, 29.0, 38.0, 29.0, 30.0, 32.0, 38.0, 34.0, 23.0, 43.0, 35.0, 22.0, 28.0, 30.0, 39.0, 27.0, 41.0, 29.0, 30.0, 33.0, 20.0, 40.0, 31.0, 34.0, 45.0, 41.0, 37.0, 50.0, 35.0, 36.0, 29.0, 36.0, 32.0, 40.0, 38.0, 26.0, 36.0, 33.0, 43.0, 43.0, 34.0, 34.0, 31.0, 44.0, 29.0], "bins": [-1.0023155212402344, -0.9710174202919006, -0.9397193193435669, -0.9084212183952332, -0.8771231174468994, -0.8458249568939209, -0.8145268559455872, -0.7832287549972534, -0.7519306540489197, -0.7206325531005859, -0.6893344521522522, -0.6580363512039185, -0.6267381906509399, -0.595440149307251, -0.5641419887542725, -0.5328438878059387, -0.501545786857605, -0.47024768590927124, -0.4389495849609375, -0.40765145421028137, -0.37635335326194763, -0.3450552523136139, -0.31375712156295776, -0.282459020614624, -0.2511609196662903, -0.21986281871795654, -0.1885647028684616, -0.15726658701896667, -0.12596848607063293, -0.0946703851222992, -0.06337226927280426, -0.032074153423309326, -0.0007759332656860352, 0.030522175133228302, 0.06182028353214264, 0.09311839193105698, 0.12441650032997131, 0.15571460127830505, 0.1870127171278, 0.21831083297729492, 0.24960893392562866, 0.2809070348739624, 0.31220513582229614, 0.34350326657295227, 0.374801367521286, 0.40609946846961975, 0.4373975992202759, 0.4686957001686096, 0.49999380111694336, 0.5312919020652771, 0.5625900030136108, 0.5938881039619446, 0.6251862049102783, 0.6564843654632568, 0.6877824664115906, 0.7190805673599243, 0.7503786683082581, 0.7816767692565918, 0.8129748702049255, 0.8442729711532593, 0.8755711317062378, 0.9068691730499268, 0.9381673336029053, 0.969465434551239, 1.0007635354995728]}, "parameters/RNN.o2h.weight": {"_type": "histogram", "values": [32.0, 32.0, 34.0, 31.0, 33.0, 35.0, 39.0, 32.0, 33.0, 27.0, 39.0, 39.0, 40.0, 27.0, 34.0, 41.0, 34.0, 32.0, 35.0, 42.0, 29.0, 27.0, 40.0, 25.0, 32.0, 46.0, 28.0, 39.0, 42.0, 43.0, 24.0, 20.0, 31.0, 23.0, 40.0, 34.0, 45.0, 31.0, 33.0, 31.0, 26.0, 36.0, 36.0, 32.0, 37.0, 36.0, 29.0, 33.0, 36.0, 39.0, 42.0, 43.0, 38.0, 35.0, 29.0, 41.0, 37.0, 32.0, 41.0, 35.0, 32.0, 46.0, 24.0, 31.0], "bins": [-1.000356912612915, -0.9690978527069092, -0.9378387331962585, -0.9065796136856079, -0.875320553779602, -0.8440614938735962, -0.8128023743629456, -0.7815432548522949, -0.7502841949462891, -0.7190251350402832, -0.6877660155296326, -0.6565068960189819, -0.6252478361129761, -0.5939887762069702, -0.5627296566963196, -0.531470537185669, -0.5002114772796631, -0.46895238757133484, -0.4376932978630066, -0.40643420815467834, -0.3751751184463501, -0.34391602873802185, -0.3126569390296936, -0.28139784932136536, -0.2501387596130371, -0.21887966990470886, -0.18762058019638062, -0.15636149048805237, -0.12510240077972412, -0.09384331107139587, -0.06258422136306763, -0.03132513165473938, -6.604194641113281e-05, 0.031193047761917114, 0.06245213747024536, 0.09371122717857361, 0.12497031688690186, 0.1562294065952301, 0.18748849630355835, 0.2187475860118866, 0.25000667572021484, 0.2812657654285431, 0.31252485513687134, 0.3437839448451996, 0.37504303455352783, 0.4063021242618561, 0.4375612139701843, 0.4688203036785126, 0.5000793933868408, 0.5313384532928467, 0.5625975728034973, 0.593856692314148, 0.6251157522201538, 0.6563748121261597, 0.6876339316368103, 0.7188930511474609, 0.7501521110534668, 0.7814111709594727, 0.8126702904701233, 0.8439294099807739, 0.8751884698867798, 0.9064475297927856, 0.9377066493034363, 0.9689657688140869, 1.0002248287200928]}, "parameters/h2o.weight": {"_type": "histogram", "values": [25.0, 28.0, 38.0, 28.0, 29.0, 39.0, 28.0, 37.0, 24.0, 38.0, 34.0, 34.0, 30.0, 34.0, 32.0, 47.0, 48.0, 34.0, 23.0, 35.0, 44.0, 36.0, 25.0, 34.0, 38.0, 30.0, 34.0, 36.0, 31.0, 30.0, 40.0, 32.0, 44.0, 29.0, 30.0, 31.0, 39.0, 33.0, 47.0, 42.0, 40.0, 29.0, 32.0, 43.0, 42.0, 38.0, 35.0, 32.0, 36.0, 35.0, 36.0, 34.0, 29.0, 34.0, 43.0, 47.0, 39.0, 30.0, 35.0, 25.0, 41.0, 35.0, 29.0, 11.0],