{"loss": 19.245737075805664, "_timestamp": 1657924729, "_runtime": 13, "_step": 4, "ARD": 1.09, "R_T": 0.896, "ppr_six": 0.6, "relative_error_ratios": 0.011999999999999999, "accuracy": 0.6, "ppr_plot": {"_type": "plotly-file", "sha256": "82bc28bfaff057ff5400dea54e368b55830ec36b10823e70135a2b8070e43f3f", "size": 8761, "path": "media/plotly/ppr_plot_3_82bc28bfaff057ff5400.plotly.json"}, "transposition_plot": {"_type": "image-file", "sha256": "742760806079184e385df3b69a9558a039f4e8c877fd1ad287e8b7d329b6111b", "size": 19243, "path": "media/images/transposition_plot_4_742760806079184e385d.png", "format": "png", "width": 1200, "height": 800}, "_wandb": {"runtime": 15}}