{"loss": 30.467697143554688, "_timestamp": 1657924593, "_runtime": 13, "_step": 4, "ARD": 1.006, "R/T": 0.94, "ppr_six": 0.6, "relative_error_ratios": 0.0026666666666666666, "accuracy": 0.6, "ppr_plot": {"_type": "plotly-file", "sha256": "82bc28bfaff057ff5400dea54e368b55830ec36b10823e70135a2b8070e43f3f", "size": 8761, "path": "media/plotly/ppr_plot_3_82bc28bfaff057ff5400.plotly.json"}, "transposition_plot": {"_type": "image-file", "sha256": "b2d49cbdceb717dd722266ae9d1b40818f3550786e6ba98aef900b09a0b5db6e", "size": 19261, "path": "media/images/transposition_plot_4_b2d49cbdceb717dd7222.png", "format": "png", "width": 1200, "height": 800}, "_wandb": {"runtime": 14}}