{"ARD": 1.01, "R_T": 0.963, "relative_error_ratios": 0.0026666666666666666, "_timestamp": 1657924998, "_runtime": 17, "_step": 2, "accuracy": 0.0, "parameters/RNN.h2h.weight": {"_type": "histogram", "values": [1.0, 1.0, 1.0, 5.0, 11.0, 55.0, 127.0, 291.0, 600.0, 697.0, 740.0, 775.0, 771.0, 787.0, 752.0, 833.0, 805.0, 785.0, 798.0, 810.0, 790.0, 771.0, 754.0, 776.0, 829.0, 831.0, 790.0, 802.0, 750.0, 764.0, 774.0, 812.0, 811.0, 787.0, 804.0, 771.0, 782.0, 778.0, 783.0, 780.0, 718.0, 792.0, 759.0, 788.0, 740.0, 788.0, 780.0, 809.0, 787.0, 811.0, 813.0, 792.0, 803.0, 768.0, 768.0, 766.0, 740.0, 637.0, 453.0, 213.0, 69.0, 15.0, 6.0, 1.0], "bins": [-0.6607717275619507, -0.6412492990493774, -0.6217268705368042, -0.602204442024231, -0.5826820135116577, -0.5631595849990845, -0.5436371564865112, -0.524114727973938, -0.5045922994613647, -0.4850698709487915, -0.46554744243621826, -0.446025013923645, -0.4265025854110718, -0.40698015689849854, -0.3874577283859253, -0.36793529987335205, -0.3484128713607788, -0.32889044284820557, -0.3093680143356323, -0.2898455858230591, -0.27032315731048584, -0.2508007287979126, -0.23127830028533936, -0.2117558717727661, -0.19223344326019287, -0.17271101474761963, -0.1531885862350464, -0.13366615772247314, -0.1141437292098999, -0.09462130069732666, -0.07509887218475342, -0.055576443672180176, -0.03605395555496216, -0.016531527042388916, 0.002990901470184326, 0.02251332998275757, 0.04203575849533081, 0.06155818700790405, 0.0810806155204773, 0.10060304403305054, 0.12012547254562378, 0.13964790105819702, 0.15917032957077026, 0.1786927580833435, 0.19821518659591675, 0.21773761510849, 0.23726004362106323, 0.2567824721336365, 0.2763049006462097, 0.29582732915878296, 0.3153497576713562, 0.33487218618392944, 0.3543946146965027, 0.3739170432090759, 0.39343947172164917, 0.4129619002342224, 0.43248432874679565, 0.4520067572593689, 0.47152918577194214, 0.4910516142845154, 0.5105740427970886, 0.5300964713096619, 0.5496188998222351, 0.5691413283348083, 0.5886637568473816]}, "parameters/RNN.h2h.bias": {"_type": "histogram", "values": [1.0, 0.0, 0.0, 1.0, 0.0, 0.0, 0.0, 1.0, 0.0, 0.0, 1.0, 1.0, 1.0, 4.0, 3.0, 4.0, 3.0, 3.0, 3.0, 5.0, 5.0, 3.0, 7.0, 11.0, 8.0, 13.0, 6.0, 8.0, 14.0, 5.0, 5.0, 5.0, 6.0, 10.0, 9.0, 7.0, 7.0, 5.0, 7.0, 2.0, 5.0, 4.0, 4.0, 4.0, 0.0, 1.0, 2.0, 1.0, 0.0, 2.0, 0.0, 0.0, 1.0, 0.0, 0.0, 0.0, 0.0, 0.0, 0.0, 0.0, 0.0, 0.0, 0.0, 2.0], "bins": [-1.2295945882797241, -1.2232239246368408, -1.2168532609939575, -1.2104825973510742, -1.2041120529174805, -1.1977413892745972, -1.1913707256317139, -1.1850000619888306, -1.1786293983459473, -1.172258734703064, -1.1658880710601807, -1.159517526626587, -1.1531468629837036, -1.1467761993408203, -1.140405535697937, -1.1340348720550537, -1.12766432762146, -1.1212936639785767, -1.1149230003356934, -1.1085524559020996, -1.1021817922592163, -1.095811128616333, -1.0894404649734497, -1.0830698013305664, -1.076699137687683, -1.0703284740447998, -1.0639578104019165, -1.0575871467590332, -1.0512166023254395, -1.0448459386825562, -1.0384752750396729, -1.0321046113967896, -1.0257339477539062, -1.019363284111023, -1.0129926204681396, -1.006622076034546, -1.0002514123916626, -0.9938807487487793, -0.987510085105896, -0.9811394214630127, -0.9747688174247742, -0.9683981537818909, -0.9620275497436523, -0.955656886100769, -0.9492862224578857, -0.9429156184196472, -0.9365449547767639, -0.9301742911338806, -0.9238036870956421, -0.9174330234527588, -0.9110624194145203, -0.904691755771637, -0.8983210921287537, -0.8919504880905151, -0.8855798244476318, -0.8792091608047485, -0.8728384971618652, -0.8664678335189819, -0.8600972294807434, -0.8537265658378601, -0.8473559021949768, -0.8409852981567383, -0.834614634513855, -0.8282439708709717, -0.8218733668327332]}, "parameters/RNN.i2h.weight": {"_type": "histogram", "values": [1.0, 3.0, 4.0, 5.0, 16.0, 25.0, 58.0, 103.0, 103.0, 100.0, 114.0, 101.0, 94.0, 110.0, 102.0, 124.0, 94.0, 110.0, 120.0, 107.0, 135.0, 109.0, 110.0, 102.0, 73.0, 118.0, 87.0, 106.0, 96.0, 112.0, 103.0, 102.0, 112.0, 101.0, 96.0, 104.0, 95.0, 97.0, 108.0, 102.0, 96.0, 111.0, 82.0, 85.0, 106.0, 103.0, 96.0, 95.0, 93.0, 96.0, 100.0, 118.0, 113.0, 113.0, 93.0, 93.0, 75.0, 64.0, 31.0, 34.0, 16.0, 15.0, 7.0, 3.0], "bins": [-1.2473440170288086, -1.2083189487457275, -1.1692938804626465, -1.130268931388855, -1.091243863105774, -1.0522187948226929, -1.0131937265396118, -0.9741686582565308, -0.9351436495780945, -0.8961185812950134, -0.8570935726165771, -0.8180685043334961, -0.779043436050415, -0.7400184273719788, -0.7009933590888977, -0.6619683504104614, -0.6229432821273804, -0.5839182138442993, -0.544893205165863, -0.505868136882782, -0.4668430984020233, -0.42781805992126465, -0.3887929916381836, -0.3497679531574249, -0.31074291467666626, -0.2717178761959076, -0.23269282281398773, -0.19366776943206787, -0.1546427309513092, -0.11561769247055054, -0.07659263908863068, -0.037567585706710815, 0.0014573335647583008, 0.040482379496097565, 0.07950742542743683, 0.11853247135877609, 0.15755751729011536, 0.19658255577087402, 0.23560760915279388, 0.27463266253471375, 0.3136577010154724, 0.3526827394962311, 0.39170777797698975, 0.4307328462600708, 0.46975788474082947, 0.5087829232215881, 0.5478079915046692, 0.5868330001831055, 0.6258580684661865, 0.6648831367492676, 0.7039081454277039, 0.7429332137107849, 0.7819582223892212, 0.8209832906723022, 0.8600083589553833, 0.8990334272384644, 0.9380584359169006, 0.9770835041999817, 1.016108512878418, 1.055133581161499, 1.09415864944458, 1.1331837177276611, 1.1722086668014526, 1.2112337350845337, 1.2502588033676147]}, "parameters/RNN.o2h.weight": {"_type": "histogram", "values": [32.0, 76.0, 95.0, 90.0, 82.0, 89.0, 84.0, 86.0, 98.0, 91.0, 94.0, 80.0, 96.0, 83.0, 79.0, 73.0, 88.0, 92.0, 94.0, 97.0, 88.0, 84.0, 79.0, 87.0, 85.0, 65.0, 88.0, 80.0, 95.0, 81.0, 90.0, 87.0, 94.0, 102.0, 83.0, 80.0, 104.0, 92.0, 85.0, 72.0, 79.0, 89.0, 92.0, 100.0, 87.0, 86.0, 96.0, 97.0, 98.0, 88.0, 92.0, 101.0, 92.0, 93.0, 84.0, 88.0, 91.0, 82.0, 98.0, 91.0, 81.0, 48.0, 24.0, 3.0], "bins": [-1.0151480436325073, -0.9828117489814758, -0.9504754543304443, -0.9181391596794128, -0.8858028650283813, -0.8534666299819946, -0.8211303353309631, -0.7887940406799316, -0.7564577460289001, -0.7241214513778687, -0.6917851567268372, -0.6594488620758057, -0.627112627029419, -0.5947762727737427, -0.562440037727356, -0.5301037430763245, -0.49776744842529297, -0.4654311537742615, -0.43309485912323, -0.4007585942745209, -0.3684222996234894, -0.3360860049724579, -0.3037497401237488, -0.2714134454727173, -0.2390771508216858, -0.2067408561706543, -0.174404576420784, -0.1420682966709137, -0.1097320020198822, -0.07739570736885071, -0.04505942761898041, -0.012723147869110107, 0.019613027572631836, 0.05194931477308273, 0.08428560197353363, 0.11662188917398453, 0.14895817637443542, 0.18129447102546692, 0.21363075077533722, 0.24596703052520752, 0.278303325176239, 0.3106396198272705, 0.342975914478302, 0.3753121793270111, 0.4076484739780426, 0.4399847686290741, 0.4723210334777832, 0.5046573281288147, 0.5369936227798462, 0.5693299174308777, 0.6016662120819092, 0.6340025067329407, 0.6663388013839722, 0.6986750364303589, 0.7310113310813904, 0.7633476257324219, 0.7956839203834534, 0.8280202150344849, 0.8603565096855164, 0.8926928043365479, 0.9250290393829346, 0.9573653936386108, 0.9897016286849976, 1.0220379829406738, 1.0543742179870605]}, "parameters/h2o.weight": {"_type": "histogram", "values": [5.0, 4.0, 6.0, 25.0, 44.0, 76.0, 89.0, 81.0, 106.0, 79.0, 98.0, 88.0, 100.0, 90.0, 122.0, 98.0, 117.0, 115.0, 102.0, 106.0, 108.0, 107.0, 106.0, 116.0, 89.0, 115.0, 106.0, 92.0, 106.0, 118.0, 110.0, 110.0, 100.0, 101.0, 108.0, 110.0, 112.0, 109.0, 119.0, 90.0, 117.0, 95.0, 90.0, 106.0, 101.0, 115.0, 107.0, 93.0, 129.0, 95.0, 103.0, 91.0, 84.0, 96.0, 100.0, 60.0, 62.0, 25.0, 17.0, 13.0, 11.0, 2.0, 3.0, 2.0],